structure,grid,density,trial,runtime_ms,expansions,inserts,extracts,peak_open,path_cost,found
unsorted_array,64,0.20,0,0.3546,404,840,463,379,92598,1
binary_heap,64,0.20,0,0.0430,407,826,469,359,92598,1
bucket_queue,64,0.20,0,0.0424,463,850,535,316,99082,1
unsorted_array,64,0.20,1,0.1492,288,611,316,296,92012,1
binary_heap,64,0.20,1,0.0256,288,592,314,279,92012,1
bucket_queue,64,0.20,1,0.0225,194,442,207,236,95082,1
unsorted_array,64,0.20,2,0.4009,419,855,495,361,92012,1
binary_heap,64,0.20,2,0.0496,396,807,465,343,92012,1
bucket_queue,64,0.20,2,0.0253,290,606,324,283,95082,1
unsorted_array,64,0.20,3,0.4524,432,925,518,410,92012,1
binary_heap,64,0.20,3,0.0528,413,837,463,375,92012,1
bucket_queue,64,0.20,3,0.0410,499,894,608,287,94254,1
unsorted_array,64,0.20,4,0.3883,443,911,517,395,92598,1
binary_heap,64,0.20,4,0.0383,384,791,443,349,92598,1
bucket_queue,64,0.20,4,0.0584,640,1044,812,312,97668,1
unsorted_array,64,0.20,5,0.6877,587,1206,749,459,93184,1
binary_heap,64,0.20,5,0.0794,568,1133,712,422,93184,1
bucket_queue,64,0.20,5,0.0500,473,834,539,296,99082,1
unsorted_array,64,0.20,6,0.6700,610,1196,784,413,93770,1
binary_heap,64,0.20,6,0.0738,579,1086,719,368,93770,1
bucket_queue,64,0.20,6,0.0503,575,959,660,308,99082,1
unsorted_array,64,0.20,7,0.5241,512,999,661,340,93184,1
binary_heap,64,0.20,7,0.0896,468,898,590,315,93184,1
bucket_queue,64,0.20,7,0.0738,735,1198,860,344,99668,1
unsorted_array,64,0.20,8,0.5157,487,966,588,381,92598,1
binary_heap,64,0.20,8,0.0570,459,890,546,345,92598,1
bucket_queue,64,0.20,8,0.0455,463,929,552,378,97082,1
unsorted_array,64,0.20,9,0.2394,335,729,368,363,91426,1
binary_heap,64,0.20,9,0.0308,335,705,364,343,91426,1
bucket_queue,64,0.20,9,0.0257,300,645,317,329,95082,1
unsorted_array,128,0.20,0,3.7222,1596,3069,2209,861,187196,1
binary_heap,128,0.20,0,0.3010,1624,3070,2183,888,187196,1
bucket_queue,128,0.20,0,0.1777,1581,2586,1896,691,194164,1
unsorted_array,128,0.20,1,3.7686,1542,2997,2161,838,186610,1
binary_heap,128,0.20,1,0.2801,1533,2878,2098,781,186610,1
bucket_queue,128,0.20,1,0.1807,1570,2582,1895,688,192164,1
unsorted_array,128,0.20,2,35.9751,13191,22363,22363,884,0,0
binary_heap,128,0.20,2,2.5696,13191,22156,22156,856,0,0
bucket_queue,128,0.20,2,1.4293,13191,17275,17275,736,0,0
unsorted_array,128,0.20,3,5.8052,1891,3701,2861,918,187196,1
binary_heap,128,0.20,3,0.3408,1770,3343,2631,874,187196,1
bucket_queue,128,0.20,3,0.2816,2610,4254,3480,776,199578,1
unsorted_array,128,0.20,4,3.3462,1596,3070,2178,893,186024,1
binary_heap,128,0.20,4,0.2805,1559,2868,2080,789,186024,1
bucket_queue,128,0.20,4,0.1839,1687,2760,2116,657,193578,1
unsorted_array,128,0.20,5,3.2393,1302,2683,1738,946,184852,1
binary_heap,128,0.20,5,0.2380,1283,2585,1691,895,184852,1
bucket_queue,128,0.20,5,0.1719,1610,2721,2112,697,193578,1
unsorted_array,128,0.20,6,3.5213,1423,2776,1975,803,184852,1
binary_heap,128,0.20,6,0.2604,1422,2740,1949,792,184852,1
bucket_queue,128,0.20,6,0.2101,2168,3283,2737,738,195578,1
unsorted_array,128,0.20,7,4.5672,1668,3257,2427,895,186610,1
binary_heap,128,0.20,7,0.3172,1700,3137,2344,802,186610,1
bucket_queue,128,0.20,7,0.2754,2432,3950,3170,926,196164,1
unsorted_array,128,0.20,8,4.2413,1635,3226,2316,911,186024,1
binary_heap,128,0.20,8,0.2923,1560,2931,2166,766,186024,1
bucket_queue,128,0.20,8,0.1890,1709,2739,2216,620,195578,1
unsorted_array,128,0.20,9,4.3628,1651,3245,2365,881,186024,1
binary_heap,128,0.20,9,0.2784,1525,2850,2125,786,186024,1
bucket_queue,128,0.20,9,0.2153,1985,3154,2417,738,194164,1
binary_heap,256,0.20,0,1.3478,6308,11484,9904,1753,372876,1
bucket_queue,256,0.20,0,0.8552,7289,10979,9632,1508,388570,1
binary_heap,256,0.20,1,1.2508,5669,10601,8767,1913,371704,1
bucket_queue,256,0.20,1,0.8065,6952,10539,8964,1755,388570,1
binary_heap,256,0.20,2,1.2588,5801,10567,8836,1870,372876,1
bucket_queue,256,0.20,2,0.7834,6797,10070,8999,1560,388570,1
binary_heap,256,0.20,3,1.0817,4973,9068,7439,1630,371704,1
bucket_queue,256,0.20,3,0.7114,5763,8628,7498,1381,386570,1
binary_heap,256,0.20,4,1.2510,5787,10560,8804,1786,372876,1
bucket_queue,256,0.20,4,0.8527,7209,10655,9448,1599,390570,1
binary_heap,256,0.20,5,1.4474,6860,12195,10436,1842,373462,1
bucket_queue,256,0.20,5,0.8430,6796,10179,8768,1412,387156,1
binary_heap,256,0.20,6,1.1359,5235,9437,7838,1626,371704,1
bucket_queue,256,0.20,6,0.7824,6060,9061,7890,1292,387156,1
binary_heap,256,0.20,7,1.2601,5804,10651,8922,1730,371704,1
bucket_queue,256,0.20,7,0.9512,7924,10996,9838,1187,384914,1
binary_heap,256,0.20,8,1.0749,4859,9034,7464,1640,372290,1
bucket_queue,256,0.20,8,0.8379,7177,10470,9338,1553,390570,1
binary_heap,256,0.20,9,1.1793,5495,10104,8346,1910,371118,1
bucket_queue,256,0.20,9,0.6885,5562,8525,7009,1635,382570,1
